Ingredients,Used in total no.of dishes
cheese,5265
chicken,4729
tomato,3434
rice,3344
lettuce,2222
onions,2189
beef,2062
shrimp,1925
tomatoes,1883
onion,1666
mozzarella,1614
avocado,1602
cream,1583
garlic,1567
egg,1493
fries,1486
bacon,1416
pork,1285
pepper,1254
beans,1153
lemon,1111
turkey,1103
oil,1100
salmon,1051
potato,1024
spinach,987
tuna,965
ham,890
eggs,889
cucumber,865
cheddar,818
mushrooms,813
honey,747
potatoes,745
milk,742
basil,718
butter,696
olive oil,687
french fries,687
ginger,666
vinaigrette,662
broccoli,658
arugula,642
greens,632
mushroom,583
orange,571
corn,547
chicken breast,546
olive,544
bean,530
apple,530
water,521
cilantro,514
carrots,496
parmesan,491
eggplant,489
romaine,481
yogurt,468
banana,463
mango,453
coconut,451
salt,443
olives,437
swiss cheese,428
vanilla,424
lamb,422
mozzarella cheese,415
scallion,408
cheddar cheese,407
wheat,405
crab,400
miso soup,389
lime,389
soy,388
cherry,379
strawberry,376
celery,376
jalapeno,367
kale,360
cabbage,359
prosciutto,358
cream cheese,355
tofu,353
soda,351
coleslaw,351
peas,350
sour cream,345
pineapple,341
red onion,338
feta,335
carrot,332
mint,321
beer,309
white wine,307
vinegar,300
scallions,298
basmati rice,295
american cheese,294
guacamole,293
sugar,292
aioli,292
white rice,282
queso,280
brown rice,278
ricotta,277
bagel,273
parsley,268
provolone,266
peanut,262
ice,262
buffalo,262
romaine lettuce,261
whole wheat,260
truffle,256
asparagus,254
goat cheese,253
lobster,252
almond,251
honey mustard,249
red onions,242
garlic sauce,239
pico de gallo,236
flour,236
chicken cutlet,233
walnuts,231
black beans,230
zucchini,229
red wine,229
green salad,224
cucumbers,224
marinara sauce,222
pastrami,222
teriyaki,219
blue cheese,209
chorizo,204
feta cheese,202
noodle soup,201
tahini,200
tobiko,200
veal,198
cheese sandwich,198
plum,195
brioche,193
strawberries,189
extra virgin olive oil,185
chicken salad,180
caramelized onions,180
almonds,179
parmesan cheese,176
cherry tomatoes,176
calamari,176
russian dressing,175
mashed potatoes,175
grape,175
balsamic vinaigrette,175
scallops,174
squash,174
radish,173
cinnamon,172
seaweed,170
capers,170
clams,167
beets,167
black pepper,165
red peppers,164
duck,161
quinoa,159
mussels,159
jalapenos,159
ciabatta,157
red pepper,156
jasmine,156
vodka,155
peanut butter,155
french toast,155
croutons,153
corned beef,151
orange juice,149
spicy mayo,148
baby arugula,148
rye,147
potato chips,146
cauliflower,146
granola,145
cashew,145
chickpeas,145
pepper jack,144
pepperoni,142
rosemary,141
ipa,140
chili sauce,140
sweet potato,139
cream sauce,138
string beans,137
sea salt,134
blueberry,133
soy sauce,132
raspberry,132
green tea,132
refried beans,131
oregano,130
lentils,130
shrimp tempura,129
whipped cream,129
ranch dressing,129
apples,129
squid,128
dark chocolate,127
cranberry,127
jumbo shrimp,126
potato salad,125
turkey bacon,124
queso fresco,123
brie,123
espresso,122
shallots,121
sirloin,119
lemon juice,119
udon,118
corn tortilla,118
caesar dressing,118
saffron,117
grapefruit,117
jasmine rice,117
croissant,117
tortilla chips,116
pecorino,116
raisins,116
veggies,115
curd,115
black olives,115
rose,114
peach,114
caesar salad,114
chicken wings,112
curry sauce,111
provolone cheese,110
sauteed onions,109
blueberries,109
scallop,108
pear,107
oyster,107
flour tortilla,107
pumpkin,106
dipping sauce,106
boiled egg,106
buffalo chicken,105
pepper jack cheese,104
muenster,103
beet,102
salsa verde,101
turkey breast,100
lime juice,100
pine,100
fried egg,100
onion rings,99
horseradish,98
egg whites,97
dill,97
plantains,96
cider,96
scrambled eggs,95
pita bread,95
bean curd,95
coconut milk,94
pesto sauce,93
cod,93
falafel,93
cumin,93
almond milk,93
artichoke,93
nutella,92
black tea,92
pine nuts,91
balsamic vinegar,91
pea,90
cranberries,89
vanilla ice cream,88
thyme,88
malt,88
lemongrass,88
grape tomatoes,88
baby spinach,88
pomegranate,87
peanuts,87
octopus,87
pork belly,86
gorgonzola,86
caviar,86
sesame seeds,85
paneer,85
egg white,85
chives,85
artichokes,85
tamarind,84
sun-dried tomatoes,84
oatmeal,84
green peas,84
cherry tomato,83
sun-dried tomato,82
chipotle mayo,82
bay leaves,82
yuzu,81
champagne,81
lox,80
bananas,80
steak sandwich,79
truffle oil,78
pork chop,78
mixed green salad,78
cottage cheese,78
iced tea,78
anchovies,78
broccoli rabe,78
walnut,77
skirt steak,77
clam,77
greek yogurt,76
chardonnay,76
watercress,75
raisin,75
lager,75
green pepper,75
hot sauce,74
mixed vegetable,73
tartar sauce,72
ricotta cheese,72
red cabbage,72
maple syrup,72
cotija cheese,72
garlic bread,72
buttercream,72
challah bread,72
vermicelli,71
roe,71
pistachio,71
poblano,71
raita,70
pork loin,70
poached eggs,70
edamame,70
chocolate cake,70
bourbon,69
shrimps,68
rum,68
gruyere,68
buttermilk,68
bean sauce,68
apple juice,68
tilapia,67
plum tomato,67
coke,67
chicken tikka,67
pancetta,66
hops,66
ciabatta bread,66
turmeric,65
coconut water,65
filet mignon,65
aloo,65
tequila,64
brie cheese,64
braised beef,64
oaxaca cheese,63
watermelon,62
chipotle sauce,62
teriyaki sauce,61
sauerkraut,61
plum tomatoes,61
cashew nuts,61
whole wheat wrap,60
sirloin steak,60
meat sauce,60
hazelnut,60
butternut,60
black bean sauce,60
rice noodles,59
green apple,59
enchiladas,59
butternut squash,59
blue cheese dressing,59
white wine sauce,58
turkey ham,58
rye bread,58
paprika,58
muenster cheese,58
popcorn,58
fruit salad,58
chimichurri,58
chia,58
chickpea,58
chicken parmigiana,58
tomato paste,57
vegetable soup,57
turkey burger,57
tahini sauce,57
wild mushrooms,57
prawns,57
pretzel,57
egg salad,57
greek salad,57
cheese sauce,57
beef burger,57
chinese broccoli,57
soy milk,56
risotto,56
marinated chicken,56
pale ale,56
green beans,56
ginger ale,56
gin,56
angus beef,56
brown sauce,56
radicchio,55
kalamata olives,55
passion fruit,54
coriander,54
fig,54
chicken tenders,54
chocolate chips,54
cola,53
genoa salami,53
beef brisket,53
serrano,52
parmigiano reggiano,52
daikon,52
barley,52
sparkling water,51
sherry,51
sake,51
pickled onions,51
red snapper,51
papaya,51
wheat bread,50
okra,50
dijon mustard,50
agave,50
sole,49
pinot grigio,49
palm,49
polenta,49
papas,49
grapes,49
beef stew,49
sage,48
tomatillo,48
sauvignon blanc,48
sunflower,48
pepper sauce,48
portobello mushrooms,48
oats,48
melon,48
hanger steak,48
fontina cheese,48
cappuccino,48
seaweed salad,47
tea bags,47
mortadella,47
pulled pork,47
nectar,47
dried cranberries,47
hard boiled egg,47
fingerling potatoes,47
black forest ham,47
buffalo sauce,47
yeast,46
vinaigrette dressing,46
sweet chili sauce,46
sumac,46
avocado salad,46
apricot,46
caper,46
applewood smoked bacon,46
nori,45
lemon dressing,45
parmigiano-reggiano,45
heavy cream,45
hot pepper,45
grana padano,45
spring rolls,44
sunny,44
pumpkin seeds,44
couscous,44
crostini,44
cabernet sauvignon,44
cayenne,44
bagels,44
cereal,44
sushi rice,43
white fish,43
lemon vinaigrette,43
pistachios,43
pepsi,43
oranges,43
hibiscus,43
farro,43
date,43
bread crumbs,43
basil pesto,43
apple cider,43
bamboo shoot,43
bok choy,43
stout,42
peppercorn,42
peanut sauce,42
potato fries,42
plantain,42
brown sugar,42
chipotle aioli,42
taro,41
soybean,41
veggie burger,41
snow peas,41
whole wheat bread,41
pecan,41
cardamom,41
whiskey,40
radishes,40
pork chops,40
monterey jack cheese,40
oyster sauce,40
grilled peppers,40
bamboo shoots,40
buffalo mozzarella,40
cocoa,40
black truffle,40
roasted vegetables,39
tzatziki sauce,39
wild mushroom,39
sweet potato fries,39
oysters,39
lemon zest,39
mascarpone,39
endive,39
blackberry,39
chicharron,39
anchovy,39
chili pepper,39
shallot,38
virginia ham,38
tikka masala,38
ponzu sauce,38
pilsner,38
iced coffee,38
italian bread,38
italian dressing,38
grilled steak,38
chocolate mousse,38
balsamic dressing,38
cashews,38
acai,38
san marzano tomatoes,37
pinto beans,37
fish roe,37
chicken soup,37
cherries,37
canadian bacon,37
brandy,37
vodka sauce,36
shishito,36
tomato salad,36
malbec,36
lemon sauce,36
mango chutney,36
green sauce,36
prosciutto crudo,35
leeks,35
pears,35
corn tortilla chips,35
dulce de leche,35
atlantic salmon,35
alfalfa,35
cherry peppers,35
sesame oil,34
sun dried tomato,34
sangria,34
pecans,34
pig,34
mustard dressing,34
gruyere cheese,34
garlic olive oil,34
blood orange,34
chard,34
branzino,34
cocktail sauce,34
simple syrup,33
sprite,33
sprinkles,33
sesame seed,33
thai basil,33
truffles,33
lychee,33
red chili,33
matcha,33
hash brown,33
fresca,33
cheese ravioli,33
skim milk,32
mango sauce,32
mixed berries,32
pickled red onions,32
raspberries,32
crab cake,32
ginger sauce,32
bulgogi,32
rotisserie chicken,31
white chocolate,31
soy bean,31
vermouth,31
yellow rice,31
sweet potatoes,31
mandarin,31
lemon butter,31
milk chocolate,31
red bull,31
garlic aioli,31
flour tortillas,31
kiwi,31
bruschetta,31
buckwheat,31
sweet and sour sauce,30
rice pilaf,30
roasted beef,30
tarragon,30
multigrain bread,30
merlot,30
honey mustard dressing,30
hot chocolate,30
breaded chicken breast,30
almond butter,30
semolina,29
sunflower seeds,29
white bread,29
romano cheese,29
tortellini,29
lobster tail,29
malts,29
lamb chops,29
pork sausage,29
maine lobster,29
hollandaise sauce,29
cod fish,29
clam sauce,29
chick peas,29
chicken base,29
carpaccio,29
speck,28
soppressata,28
vegetable tempura,28
saffron rice,28
poke,28
potato bun,28
lime leaves,28
mexican rice,28
hazelnuts,28
habanero,28
baby corn,28
chicken broth,28
avocados,28
spanish rice,27
seasoned fries,27
veal cutlet,27
tomato soup,27
puff pastry,27
red pepper hummus,27
mackerel,27
nutmeg,27
pickled carrots,27
cointreau,27
coca cola,27
chipotle mayonnaise,27
cantaloupe,27
brown butter,27
chia seeds,27
bacon sausage,27
beef sausage,27
chicken curry,27
salad dressing,26
turkey sausage,26
tater tots,26
swiss chard,26
yuca,26
marinade,26
pineapple juice,26
mustard sauce,26
iceberg lettuce,26
creme fraiche,26
grape leaves,26
garlic butter,26
ginger beer,26
aged cheddar,26
cashew nut,26
bubble tea,26
bacon bits,26
rice vermicelli,25
whitefish,25
shiitake mushrooms,25
vanilla bean,25
riesling,25
shishito peppers,25
yellow squash,25
napa cabbage,25
oxtail,25
red wine sauce,25
focaccia bread,25
fish sauce,25
ganache,25
capicola,25
citrus vinaigrette,25
au jus,25
rice cake,24
smoky,24
sweet sauce,24
sweet corn,24
miso sauce,24
lavender,24
fried onion,24
dates,24
chocolate sauce,24
chicken shawarma,24
cayenne pepper,24
carne asada,24
carrot cake,24
rooibos,23
plum sauce,23
lentil soup,23
cognac,23
earl grey,23
country bread,23
garlic croutons,23
kidney beans,23
gorgonzola cheese,23
cranberry juice,23
cornbread,23
chamomile,23
albacore tuna,23
baby carrots,23
shellfish,22
shiitake mushroom,22
seltzer water,22
spinach salad,22
red bell pepper,22
mediterranean salad,22
pork tenderloin,22
marsala wine,22
crab cakes,22
egg noodles,22
cucumber salad,22
heirloom tomatoes,22
herbal tea,22
chocolate chip cookies,22
chuck,22
chili flakes,22
chocolate ganache,22
belgian chocolate,22
bresaola,22
antipasto,22
alfredo sauce,22
cabbage slaw,22
powdered sugar,21
pita chips,21
horseradish sauce,21
guava,21
granny smith,21
halloumi,21
green chili,21
black rice,21
chicken strips,21
whole grain,20
sun dried tomatoes,20
schnitzel,20
tomatillo salsa,20
tomato salsa,20
sundried tomato,20
red tomato,20
pork ham,20
fried shallots,20
cranberry sauce,20
grapefruit juice,20
hamachi,20
condensed milk,20
icing,20
buttercream frosting,20
bulgur,20
basil leaves,20
broccolini,20
tomato pickle,19
tortilla strips,19
sparkling wine,19
steak sauce,19
waffle fries,19
udon noodles,19
sticky rice,19
sweet cream,19
white truffle,19
pork meat,19
rib eye,19
red beans,19
onion jam,19
pecorino cheese,19
lemon tea,19
pound cake,19
figs,19
kaffir lime,19
egg roll,19
dove,19
collard greens,19
havarti,19
heirloom tomato,19
beef short ribs,19
chicken liver,19
bibb lettuce,19
chocolate syrup,19
brussel sprouts,19
scotch,18
sea urchin,18
wasabi sauce,18
sweet onion,18
snow crab,18
soba noodle,18
whole wheat pita bread,18
yucca,18
yam,18
smokey,18
root beer,18
sundried tomatoes,18
sodas,18
steamed vegetables,18
salted caramel,18
pork fillet,18
ramen noodle,18
limes,18
mezcal,18
pesto mayo,18
pickled jalapenos,18
palak,18
pickled ginger,18
egg yolk,18
green olives,18
french bread,18
foie gras,18
gremolata,18
grape tomato,18
cow's milk,18
donut,18
gosht,18
balsamic glaze,18
black cod,18
beef salami,18
candied walnuts,18
cloves,18
beef patty,18
squab,17
vanilla buttercream,17
sheep,17
unagi,17
sprinkle,17
queso oaxaca,17
molasses,17
minestrone,17
manchego cheese,17
quail,17
pasta salad,17
red bean,17
pearl onions,17
nopales,17
cold cuts,17
epazote,17
dahi,17
fanta,17
cold brew coffee,17
hash browns,17
crushed red pepper,17
dijon vinaigrette,17
curly fries,17
butter lettuce,17
chicken cutlets,17
beef meatballs,17
black cherry,17
caramel sauce,17
cassava,17
veal chop,16
verbena,16
togarashi,16
sweet vermouth,16
milk cheese,16
port,16
olive tapenade,16
lamb sausage,16
red beets,16
malt vinegar,16
porcini mushrooms,16
gouda cheese,16
green apples,16
french beans,16
ikura,16
jicama,16
gobi,16
duck breast,16
curry leaves,16
fruit tea,16
hen,16
garlic salt,16
blue crab,16
chocolate fudge,16
blackberries,16
coconut nectar,16
abalone,16
chicken noodle soup,16
avocado spread,16
bread pudding,16
chana masala,16
serrano ham,15
turkey chili,15
vanilla cake,15
san marzano tomato,15
thousand island dressing,15
sourdough bread,15
sofrito,15
sweet italian sausage,15
wild rice,15
triple sec,15
pork ribs,15
marshmallow,15
onion soup,15
pechuga de pollo,15
merguez,15
mesclun salad,15
pork shoulder,15
mustard vinaigrette,15
orange peel,15
pickled red cabbage,15
peaches,15
pizza dough,15
lamb shank,15
codfish,15
kaffir lime leaves,15
honey ham,15
fava beans,15
green leaf lettuce,15
dill pickles,15
flying fish roe,15
cannellini beans,15
aloe vera,15
coconut oil,15
cider vinegar,15
beef pastrami,15
chianti,15
amaretto,15
vanilla frosting,14
starch,14
tonkatsu sauce,14
sweet soy sauce,14
seitan,14
wheat beer,14
roma tomatoes,14
yukon gold,14
soba noodles,14
orange soda,14
ranch dip,14
meyer lemon,14
red wine vinegar,14
red bell peppers,14
mustard seeds,14
prime rib,14
lemon olive oil,14
new york strip steak,14
parsnip,14
green onion,14
cuttlefish,14
golden raisins,14
garlic oil,14
fig jam,14
escarole,14
donuts,14
dashi,14
chicken leg,14
beef tripe,14
apple pie,14
chicken burger,14
baked beans,14
bison,14
achiote,14
chocolate ice cream,14
barbecue sauce,14
black angus beef,14
beef tenderloin,14
back ribs,14
sea cucumber,13
shark,13
vanilla extract,13
whole milk,13
spring onions,13
tamarind chutney,13
truffle butter,13
tomato juice,13
turnips,13
padano cheese,13
leek,13
pasta sauce,13
mache,13
panna cotta,13
pickled cabbage,13
pineapples,13
preserved lemon,13
popcorn chicken,13
pot pie,13
pork liver,13
mixed berry,13
corn on the cob,13
kaiser roll,13
hemp seeds,13
fruit punch,13
coppa,13
flank steak,13
cookie dough,13
kosher salt,13
cream cheese frosting,13
currant,13
horchata,13
burrata cheese,13
canola oil,13
beef broth,13
boston lettuce,13
bourgogne,13
basil oil,13
cinnamon sugar,13
bermuda onion,13
beef tongue,13
chile de arbol,13
apple cider vinegar,13
chocolate cookie,13
chestnuts,13
tabouleh,12
vegetable medley,12
spelt,12
texas toast,12
vanilla yogurt,12
rice flour,12
salmon fish,12
rice balls,12
vanilla custard,12
tuna steak,12
spinach sauce,12
tilapia fish,12
yellowfin tuna,12
squid ink,12
turnip,12
turkey egg,12
spearmint,12
vanilla cream,12
salmon roe,12
lemons,12
razor clams,12
maria,12
potato puree,12
oat milk,12
mango salsa,12
nuoc cham sauce,12
cumin seeds,12
halibut,12
french dressing,12
fish ball,12
halloumi cheese,12
goji,12
half & half,12
herb dressing,12
graham crackers,12
coconut shrimp,12
creme brulee,12
grand marnier,12
fenugreek,12
elderflower,12
cornichons,12
chickens,12
chocolate brownie,12
chocolate peanut butter,12
bermuda onions,12
ciabatta roll,12
angostura bitters,12
club soda,12
chicken sausage,12
chorizo sausage,12
clam chowder,12
chocolate milk,12
churros,12
chestnut,12
black olive,12
brown ale,12
shrimp scampi,11
vegetable salad,11
whole wheat tortilla,11
straw mushroom,11
spinach leaves,11
salad greens,11
whole grain mustard,11
sorrel,11
sandwich bread,11
sardines,11
mahi mahi,11
plantain chips,11
lemon verbena,11
new york steak,11
pork butt,11
pickled vegetables,11
red quinoa,11
mint leaves,11
matzo,11
light beer,11
ramen soup,11
lemon grass,11
rava,11
orange zest,11
red pepper flakes,11
peperoncino,11
red rice,11
mole sauce,11
pumpkin seed,11
jamon serrano,11
cremini mushrooms,11
dinner rolls,11
haricot vert,11
fingerling potato,11
havarti cheese,11
japanese eggplant,11
eggplants,11
granny smith apples,11
bhindi,11
bear,11
baklava,11
celery root,11
almond cream,11
bolognese sauce,11
baking powder,11
champagne vinaigrette,11
beefsteak tomato,11
cheese tortellini,11
bechamel sauce,11
aioli sauce,11
agave nectar,11
chevre,11
beef sliders,11
assam,11
stella artois,10
twix,10
tuscan bread,10
striped bass,10
water chestnuts,10
snap peas,10
turkey pepperoni,10
salsa roja,10
tuscan kale,10
tocino,10
shortbread,10
tomato cream sauce,10
yukon gold potatoes,10
yellow lentils,10
mussel,10
pepitas,10
porterhouse steak,10
mustard greens,10
mushroom gravy,10
oolong tea,10
maraschino,10
pork bone,10
litchi,10
potato pancakes,10
pimientos,10
jelly fish,10
corn salsa,10
goose,10
fried cheese,10
cow milk,10
granny smith apple,10
doughnuts,10
ginseng,10
craisins,10
enoki mushrooms,10
jalapeno pepper,10
hominy,10
french onion soup,10
dark chocolate chips,10
crab stick,10
kelp,10
kettle chips,10
hoisin sauce,10
lamb burger,10
catfish,10
brewed coffee,10
chocolate frosting,10
budweiser,10
bean salad,10
aperol,10
baba ganoush,10
chicken stock,10
baked falafel,10
bean soup,10
tomato confit,9
wagyu beef,9
shrimp paste,9
sesame ginger dressing,9
soy protein,9
snails,9
swordfish,9
thai curry,9
split peas,9
rice paper,9
robiola cheese,9
tofu cream,9
tofu skin,9
tomato vinaigrette,9
soybean oil,9
pomegranate molasses,9
lotus root,9
red ginger,9
mate,9
potato gnocchi,9
red velvet cake,9
mexican crema,9
pickled carrots and daikon,9
murgh,9
mango juice,9
mint chocolate,9
red beet,9
oyster mushroom,9
mint chutney,9
pea pods,9
quail egg,9
pine nut,9
mushroom soup,9
kumquat,9
currants,9
egg omelet,9
croissants,9
hefeweizen,9
curry powder,9
flounder fillet,9
creamed spinach,9
jarlsberg cheese,9
jerky,9
half and half,9
dogfish,9
fudge brownie,9
beef steak,9
angel hair pasta,9
black currant,9
chicken stew,9
arborio rice,9
clove,9
baba ghanoush,9
chicken thighs,9
black lentils,9
bittersweet chocolate,9
baby bok choy,9
coconut flakes,9
chocolate cupcake,9
chicken breasts,9
acai berry,9
absinthe,9
chanterelles,9
button mushrooms,9
chicken thigh,9
water chestnut,8
vegetable patty,8
wonton noodle,8
snail,8
spirulina,8
strawberry jam,8
whipped butter,8
shiraz,8
vanilla pudding,8
sour cherry,8
vidalia onion,8
strawberry sauce,8
spring greens,8
sour mix,8
wheat flour,8
rustic bread,8
straw mushrooms,8
spam,8
yellowtail tuna,8
sunny side up eggs,8
prunes,8
quails,8
marsala sauce,8
lettuce salad,8
mangoes,8
pepperoni sausage,8
pizza sauce,8
passionfruit,8
red snapper fillet,8
licorice,8
marcona almonds,8
macadamia,8
pomegranate seeds,8
raspberry sauce,8
nopal,8
pork gyoza,8
poppy seeds,8
mint sauce,8
peanut butter cups,8
lean beef,8
porcini mushroom,8
lump crab meat,8
queso chihuahua,8
piquillo peppers,8
pickled shallots,8
pastry cream,8
fried onion rings,8
garbanzo,8
ginger puree,8
fried pickles,8
kahlua,8
green zucchini,8
irish whiskey,8
heart of palm,8
garlic mayonnaise,8
crawfish,8
enoki mushroom,8
coconut rice,8
elote,8
horseradish cream,8
gobhi,8
daikon radish,8
kewpie mayo,8
creamy italian dressing,8
green onions,8
doughnut,8
green bean,8
country ham,8
ghee,8
ginger root,8
beef soup,8
cheese bread,8
chocolate pudding,8
apricots,8
cocoa powder,8
cacao nibs,8
black garlic,8
apple tart,8
baking soda,8
apple wood smoked bacon,8
campari,8
cauliflower puree,8
secret sauce,7
xo sauce,7
white sangria,7
romesco sauce,7
sambal oelek,7
s'mores,7
white asparagus,7
snickers,7
rice wine,7
vanilla soy milk,7
slivered almonds,7
vegetable broth,7
wheat baguette,7
rib eye steak,7
trail mix,7
strawberry puree,7
white peach,7
tanqueray,7
rucola,7
splenda,7
tempeh,7
smoked salmon cream cheese,7
roquefort cheese,7
wakame,7
tapioca,7
spice blend,7
manila clams,7
pickled cucumber,7
plain yogurt,7
liquorice,7
refried black beans,7
red apple,7
port wine,7
pumpkin pie,7
moroccan mint,7
lemon wedge,7
maitake mushrooms,7
pickled daikon,7
pork wonton,7
parsnips,7
monkfish,7
lobster bisque,7
pretzel bun,7
purple cabbage,7
pecan pie,7
pita crisps,7
macaroni and cheese,7
nutritional yeast,7
lamb meatballs,7
rhubarb,7
kohlrabi,7
cornmeal,7
green peppercorn,7
dijon dressing,7
flaxseed,7
coconuts,7
green papaya salad,7
double espresso,7
holy basil,7
garlic vinegar,7
flat iron steak,7
dragon fruit,7
coconut sugar,7
cow's milk cheese,7
cured pork,7
drumsticks,7
coconut sauce,7
dry vermouth,7
harina,7
duck confit,7
honey mustard sauce,7
goji berries,7
dark chocolate cake,7
graham cracker crust,7
flax seed,7
eclair,7
kabocha,7
egg cream,7
kit kat,7
grape juice,7
grass fed beef,7
citron,7
andouille sausage,7
beef pattie,7
cherry pepper,7
bay scallops,7
bergamot,7
amber ale,7
beer batter,7
beef hot dog,7
beef patties,7
applesauce,7
banana bread,7
beef tomato,7
chocolate glaze,7
blanco tequila,7
cheerios,7
anise,7
bitter melon,7
beef chili,7
chocolate cream,7
chayote,7
baked ham,7
sunflower seed,6
strawberry lemonade,6
stracchino cheese,6
toddy,6
wild salmon,6
tomato basil sauce,6
teddy grahams,6
tomato relish,6
white corn,6
tomato spread,6
wild boar,6
sturgeon,6
roma tomato,6
turkey pastrami,6
skate,6
summer squash,6
salsa fresca,6
vanilla bean ice cream,6
rice milk,6
tamari,6
white onion,6
vanilla sugar,6
stew beef,6
spicy salsa,6
sriracha mayo,6
vegetable oil,6
yams,6
strawberry cheesecake,6
yellow fin tuna,6
stoli,6
soup mix,6
yerba mate,6
yogurt dressing,6
pinenuts,6
red chili sauce,6
lemon curd,6
mountain dew,6
mandarin orange,6
pale lager,6
olive spread,6
lamb meat,6
ramen noodles,6
melba toast,6
oreos,6
mentaiko,6
pinenut,6
pomegranate powder,6
pink salt,6
pea shoots,6
pickle chips,6
pearl onion,6
ramen noodle soup,6
remoulade sauce,6
raspberry jam,6
m&m's,6
red curry paste,6
oat meal,6
red potatoes,6
potato wedges,6
marzipan,6
iced green tea,6
kobe beef,6
italian tomatoes,6
ginger tea,6
ginger syrup,6
crab legs,6
creole sauce,6
corn bread,6
dill pickle,6
green salsa,6
katsuobushi,6
green tomatoes,6
hot water,6
endives,6
instant coffee,6
garlic naan,6
israeli couscous,6
fig spread,6
corn starch,6
garlic paste,6
ginger juice,6
golden beets,6
garbanzo beans,6
garlic powder,6
fresh cream,6
echinacea,6
creamy polenta,6
green cabbage,6
corn flakes,6
brioche buns,6
beef bologna,6
celery salt,6
artichoke dip,6
black bread,6
burdock,6
bloody mary,6
basil olive oil,6
breakfast sausage,6
cheetos,6
beef gravy,6
berenjena,6
calf's liver,6
black kale,6
baby potatoes,6
chicory,6
asian slaw,6
chocolate truffle,6
chicken legs,6
arabica,6
bordeaux red wine,6
beef tendon,6
cauliflower rice,6
chocolate biscuits,6
cane sugar,6
cajun fries,6
bee pollen,6
spinach ravioli,5
spicy italian sausage,5
worcestershire sauce,5
vegetable chips,5
sweet pumpkin,5
vegetable juice,5
wild mushroom sauce,5
wheat pasta,5
soju,5
whey,5
yellow peppers,5
white bean,5
thai peanut sauce,5
spring salad,5
strawberry milk,5
saltine crackers,5
violet,5
sunchoke,5
schnapps,5
sour pickles,5
rose hip,5
white pepper,5
yellow pepper,5
sea snails,5
top round,5
veggie salad,5
veal tongue,5
semi-sweet chocolate,5
sundried tomato pesto,5
sport pepper,5
sunchokes,5
papaya juice,5
matar,5
mascarpone cheese,5
pomegranate juice,5
red chilli,5
mango powder,5
pork skin,5
linguine pasta,5
pickled radishes,5
pasilla de oaxaca,5
lime wedges,5
protein powder,5
pimentos,5
olive bread,5
mung bean,5
mustard seed,5
papad,5
long island duck,5
ranch sauce,5
philadelphia cream cheese,5
lychee juice,5
mutton,5
pickled turnips,5
quail eggs,5
plums,5
mung,5
membrillo,5
rabbit,5
mint chocolate chip,5
lime leaf,5
red radish,5
rainbow sprinkles,5
onion marmalade,5
red tomatoes,5
oyster mushrooms,5
pepperoncini,5
pumpernickel bread,5
ketel one vodka,5
flat noodles,5
kumato,5
cornish hen,5
jalapeno salsa,5
green chile,5
kiwis,5
green grapes,5
gooseberry,5
green olive,5
italian vinaigrette,5
garlic chives,5
grape jelly,5
garlic dressing,5
king oyster mushroom,5
garlic fries,5
giardiniera,5
condensed soup,5
hot dog bun,5
elderberry,5
corn salad,5
green tomato,5
gelatin,5
concentrated,5
jackfruit,5
corn flour,5
jeera,5
curry leaf,5
geranium,5
evaporated milk,5
key lime,5
fava bean,5
egg pasta,5
hen of the woods,5
grappa,5
collards,5
delicata squash,5
dark beer,5
kumquats,5
duck egg,5
fillet mignon,5
beef au jus,5
chartreuse,5
celeriac,5
asian pear,5
beefsteak tomatoes,5
chickpea flour,5
chili garlic sauce,5
capocollo,5
brioche bread,5
brioche toast,5
black fungus,5
capsicum,5
chocolate sprinkles,5
chocolate caramel,5
black-eyed peas,5
chocolate chip cookie dough,5
cheddar cheese sauce,5
chantilly cream,5
asiago cheese,5
aged cheddar cheese,5
chinese cabbage,5
carp fish,5
brown rice noodles,5
baby octopus,5
butter cake,5
bean dip,5
baby spinach leaves,5
beef fillet,5
carrot juice,5
butter chicken,5
cedar,5
butter cookies,5
7 up,5
tandoori masala,4
strawberry shortcake,4
strawberry ice cream,4
roasted zucchini,4
star fruit,4
sugars,4
sweet rice,4
taro chips,4
wonton chips,4
strawberry yogurt,4
rice vinegar,4
tomato ketchup,4
turkey gravy,4
rose petals,4
vanilla whipped cream,4
tabouli,4
soy mayonnaise,4
sweet bread,4
vegan mozzarella cheese,4
sherry vinegar,4
wood ear,4
wasabi mayonnaise,4
soya sauce,4
tabouli salad,4
roasted onion,4
sweet onions,4
savoy cabbage,4
smoked trout,4
roasted veggies,4
water spinach,4
tonic water,4
sunflower oil,4
thai green curry,4
slow cooked beef,4
thai iced tea,4
sweet tea,4
veal scaloppini,4
sweetener,4
vegan bacon,4
salsa macha,4
tangerine,4
wheat germ,4
ritz crackers,4
vanilla buttercream frosting,4
wood ear mushroom,4
wheat thins,4
tilapia fillet,4
shortbread crust,4
san pellegrino limonata,4
strawberry butter,4
skate fish,4
ruby grapefruit,4
vegetarian chili,4
strawberry cream,4
sugarcane,4
stewed tomatoes,4
spaghettini,4
sweeteners,4
sweet cucumber,4
sausage patties,4
serrano peppers,4
sheep milk,4
mangos,4
lamb shoulder,4
ouzo,4
lamb neck,4
moro,4
queso anejo,4
red lentil,4
pop corn,4
pineapple salsa,4
quince,4
moonshine,4
lobster tails,4
pimento,4
maple vinaigrette,4
peanut oil,4
lavash bread,4
limoncello,4
poblano pepper,4
mango pickle,4
light mayonnaise,4
phyllo dough,4
raisin bread,4
pickled beets,4
onion powder,4
pignoli,4
pecorino romano cheese,4
pork rind,4
pizza bread,4
masa,4
mirin,4
red chilli chutney,4
lamb tenderloin,4
pinto bean,4
miso paste,4
oreo cookie,4
rapini,4
lima beans,4
mexican salsa,4
pumpkin puree,4
lemon cake,4
littleneck clams,4
lemon oil,4
pitaya,4
razor clam,4
pomegranate vinaigrette,4
panini bread,4
reese's peanut butter cups,4
orange sauce,4
pie crust,4
profiteroles,4
dried cranberry,4
hawaiian punch,4
corn husk,4
himalayan sea salt,4
cream of wheat,4
cream corn,4
haloumi,4
crumb cake,4
kale chips,4
ladyfingers,4
knockwurst,4
honey cake,4
gulf shrimp,4
honey green tea,4
jalapeno cheese,4
country gravy,4
japanese pickles,4
corn meal,4
eggnog,4
filo dough,4
deep fried tofu,4
goji berry,4
fennel pollen,4
honey mustard vinaigrette,4
hendrick's gin,4
honey syrup,4
hijiki seaweed,4
corn muffin,4
gummy candy,4
crimini mushrooms,4
colby jack cheese,4
grenadine,4
granola bars,4
green banana,4
coconut yogurt,4
duck fat,4
fleur de sel,4
corn oil,4
jerk sauce,4
emmental cheese,4
collagen,4
dark chocolate mousse,4
cream of coconut,4
gorgonzola sauce,4
goat milk,4
frog legs,4
fried sweet plantains,4
flaky pastry,4
fennel seeds,4
dark rum,4
gluten free bread,4
fuji apple,4
herb cream cheese,4
dungeness crab,4
danish pastry,4
country white bread,4
fried steak,4
grilled chicken strips,4
black bean dip,4
chocolate truffles,4
acorn,4
banana orange juice,4
baby artichoke,4
banh mi,4
chicken ham,4
apple smoked bacon,4
blackcurrant,4
barbecued chicken,4
cinnamon sugar donuts,4
basil leaf,4
chicharrones,4
almond cake,4
chicken fillet,4
bulgur wheat,4
ackee,4
basturma,4
chipotle ranch dressing,4
cafe latte,4
chocolate malt,4
calvados,4
bok choi,4
caraway,4
beurre blanc sauce,4
beef jerky,4
baby artichokes,4
beef meat,4
chicken andouille,4
absolut,4
aji amarillo,4
beef ribs,4
chicken fillets,4
atlantic cod,4
aji panca,4
beef stock,4
chickpea puree,4
celery juice,4
chipotle paste,4
atlantic pollock,4
choco,4
amaranth,4
acorn squash,4
chamomile tea,4
chocolate stout,4
avocado mayo,4
chunky salsa,4
beetroot,4
bosc pear,4
cheese enchiladas,4
bread sticks,4
cheese spread,4
breadcrumb,4
taggiasca olives,3
soybeans,3
soy glaze,3
sweet pickle,3
turkey meatballs,3
tempura batter,3
shanghai bok choy,3
sweet pickles,3
sugar cookie,3
vanilla coffee,3
spaghetti squash,3
snickers ice cream,3
zucchini blossom,3
vanilla crumb,3
tomato puree,3
vanilla cupcake,3
soda water,3
spice cake,3
silken tofu,3
vanilla sauce,3
trumpet mushrooms,3
sugar syrup,3
sriracha sauce,3
sweet relish,3
wort,3
veal chops,3
yellow corn,3
round steak,3
steel cut oatmeal,3
soppressata salami,3
spring onion,3
rice krispy,3
seco,3
spinach and artichoke dip,3
summer truffle,3
vegetable pizza,3
shishito pepper,3
sheep cheese,3
rosemary aioli,3
verjus,3
white wine vinegar,3
sockeye salmon,3
whole wheat flour,3
salad cream,3
wild ginger,3
vidalia onions,3
seasoned salt,3
tofu ricotta,3
wonton noodles,3
vine leaves,3
snaps,3
sunflowers seeds,3
star anise,3
rose wine,3
yellow bell pepper,3
szechuan peppercorn,3
rice wine vinegar,3
tomatillos,3
tawny port,3
zucchini blossoms,3
yucca fries,3
tomato chutney,3
wheat berries,3
pastry dough,3
maraschino cherries,3
pink grapefruit,3
lapsang souchong,3
mixed fruit bowl,3
malibu,3
lemon mayonnaise,3
lunch meat,3
lingonberry,3
party mix,3
macaron,3
raspberry tea,3
maraschino liqueur,3
orange liqueur,3
mild salsa,3
nilla wafers,3
pork kidney,3
montasio,3
moroccan mint tea,3
liquid smoke,3
piquillo pepper,3
persimmon,3
red leaf lettuce,3
lotus leaf,3
lime zest,3
poblano chiles,3
medjool dates,3
pie dough,3
onion gravy,3
pisco,3
lemon pound cake,3
pesto mayonnaise,3
pork jowl,3
minestrone soup,3
oatmeal stout,3
puttanesca sauce,3
pretzel bread,3
passion fruit juice,3
lotus roots,3
lo mein noodles,3
pea tendrils,3
potato bread,3
peach puree,3
pork bones,3
nut cookies,3
lemon sole,3
peasant bread,3
lager beer,3
dill sauce,3
herring fillets,3
guanabana,3
goat meat,3
fudge brownies,3
jasmine tea,3
gumbo soup,3
earl grey tea,3
cumin seed,3
gluten free cookies,3
green apple juice,3
goat's milk,3
half half,3
herb bread,3
devonshire cream,3
herb stuffing,3
iceberg salad,3
crabs,3
flaked oats,3
kangkung,3
green bananas,3
frankfurter,3
fuji apples,3
deli mustard,3
garlic hummus,3
grape soda,3
galangal,3
honeybush,3
indian pale ale,3
garlic mustard,3
harissa sauce,3
curds,3
crunchy peanut butter,3
croaker,3
irish beef,3
jhinga,3
irish coffee,3
date syrup,3
hazelnut chocolate,3
cotton candy,3
green chilies,3
kali mirch,3
flavored water,3
cooked basmati rice,3
italian bread crumbs,3
garlic pickles,3
flax meal,3
donut holes,3
green chutney,3
grape fruit,3
gorgonzola cream sauce,3
crumpets,3
creamy garlic dressing,3
frescas,3
fernet,3
kombu,3
fernet branca,3
gobo,3
eggplant spread,3
honeydew melon,3
hendricks gin,3
gefilte fish,3
flax seed oil,3
gummies,3
cinnamon syrup,3
black sesame seeds,3
ajwain,3
bay leaf,3
adrak,3
buttermilk biscuit,3
coconut cake,3
apricot jam,3
chili beans,3
butternuts,3
blood oranges,3
almond extract,3
allspice,3
acai berries,3
cockles,3
cafe mocha,3
black coffee,3
cake roll,3
aleppo pepper,3
camembert,3
bagel chips,3
beef base,3
chipotle powder,3
cannellini bean,3
chocolate fudge brownie,3
caramel ice cream,3
bluefin tuna,3
beef empanada,3
cinnamon raisin bagel,3
carbonara sauce,3
bowtie pasta,3
arugula pesto,3
coconut broth,3
agave syrup,3
chicken meat,3
asian dressing,3
black eyed peas,3
acerola,3
alaska king crab,3
alu,3
black plum,3
ahi tuna steak,3
chilli flakes,3
chamomile flowers,3
chinese noodles,3
avocado dip,3
aniseed,3
chanterelle,3
chocolate chip cake,3
char siu,3
blue corn,3
beer cheese,3
bakers,3
chat masala,3
blueberry compote,3
ancho chile,3
buffalo mozzarella cheese,3
breakfast tacos,3
cilantro lime vinaigrette,3
chick pea,3
almond chocolate,3
black bean chili,3
bourbon whiskey,3
brown rice protein,3
almond biscotti,3
chicken drumsticks,3
coconut aminos,3
apple strudel,3
coconut butter,3
brownie mix,3
black cherries,3
black bean soup,3
squabs,2
yellow beans,2
sunflower seed oil,2
sweet red pepper,2
yogurt cheese,2
shrimp chips,2
vegetable stock,2
shochu,2
romano beans,2
teriyaki marinade,2
thai fish cakes,2
sambal goreng,2
shrimp sauce,2
rotelle,2
strawberry filling,2
thai jasmine rice,2
spinach artichoke dip,2
waffle cone,2
sansho pepper,2
table salt,2
verde sauce,2
thai noodles,2
vanilla syrup,2
tomato basil soup,2
russet potatoes,2
thai peanut dressing,2
vietnamese mint,2
spot,2
rustic white bread,2
warm pita bread,2
whole grain oatmeal,2
strawberry syrup,2
rice stick noodle,2
sucuk,2
squirt,2
scotch whisky,2
shichimi togarashi,2
sour orange,2
wing sauce,2
vegan cream cheese,2
veggie stock,2
sambal sauce,2
toffee sauce,2
soda bread,2
tart cherry,2
sea bream,2
yellow chartreuse,2
wax beans,2
yellow onion,2
vegan mayo,2
spanish onion,2
saganaki,2
sweet orange,2
swedish meatballs,2
yogurt oats,2
seaweeds,2
steelhead trout,2
vegenaise,2
solerno,2
thai rice,2
sharp white cheddar cheese,2
soursop,2
truffle olive oil,2
rosehip,2
whole grains,2
wheat paratha,2
seafood sauce,2
taleggio cheese,2
vegetable stew,2
spiced rum,2
tapioca pearl,2
wheatberry,2
taramosalata,2
sambuca,2
sandwich roll,2
shepherd's purse,2
sugar snap peas,2
sea snail,2
sansho,2
whipped cream cheese,2
winter melon,2
vanilla pound cake,2
turkey burgers,2
strawberry juice,2
serrano pepper,2
white balsamic vinegar,2
venison,2
sticky noodle,2
sugar cookies,2
tamarind juice,2
sausage links,2
spring salad mix,2
yeasts,2
rice starch,2
roasted root vegetables,2
sharp white cheddar,2
shell pasta,2
white grape,2
sole fish,2
white lentils,2
yellow onions,2
white mushrooms,2
roast turkey breast,2
sugar candy,2
spanish onions,2
sugar cane,2
vietnamese coffee,2
snowballs,2
sirloin tips,2
white radish,2
tea cake,2
tangerines,2
shiso leaf,2
snapper fish,2
vin cotto,2
rooster,2
sausage gravy,2
white vinegar,2
sea trout,2
sparkling rose,2
wheat berry,2
turkish coffee,2
sweet pickle relish,2
pancake and waffle mix,2
passion fruit curd,2
murg,2
potato dumpling,2
pigeon peas,2
pea protein,2
mexican chorizo,2
pimm's,2
laurel,2
pina colada smoothie,2
marshmallow frosting,2
lemon wedges,2
portuguese sausage,2
potato rolls,2
pernod,2
orange marmalade,2
liver pate,2
milk chocolate frosting,2
pork bacon,2
poultry seasoning,2
pork chorizo,2
montepulciano wine,2
pasta dough,2
pineapple orange juice,2
lemon iced tea,2
linguica,2
redbull,2
maize,2
orange essence,2
lemon salt,2
lemon myrtle,2
peanut butter cookies,2
rape,2
mango nectar,2
raspberry juice,2
pretzel sticks,2
munster cheese,2
prickly pear,2
mexican oregano,2
pink peppercorn,2
marjoram,2
nectarine,2
red chili pepper,2
lamb leg,2
mead,2
nectars,2
mizuna,2
lillet blanc,2
pork rib,2
mini bagels,2
pork rinds,2
pudina,2
red snapper fish,2
pu-erh tea,2
pignoli nuts,2
mini pretzel,2
pig's stomach,2
puffed rice,2
pilsner beer,2
ox tongue,2
lime mayonnaise,2
pullman loaf,2
muesli,2
pummelo,2
mulberry,2
lucuma,2
persian cucumber,2
pistachio cream,2
mint oil,2
oxtails,2
pomegranates,2
pistou,2
pomelo,2
noisette,2
munster,2
non dairy sour cream,2
piave vecchio,2
massaman curry paste,2
lemon cream,2
purple potato,2
lettuce leaves,2
purple sweet potato,2
muscat,2
purslane,2
parsley root,2
manuka honey,2
m&ms,2
lemon sorbet,2
lecithin,2
mountain yam,2
pasilla chile,2
plain naan,2
maracuja,2
mint jelly,2
maracuya,2
mu,2
licorice root,2
pepino,2
pork neck,2
queso blanco,2
red pepper relish,2
pepita,2
longan,2
mud cake,2
pasta soup,2
leafy greens,2
pig ham,2
lentil patties,2
pigeon,2
methi,2
orange blossom honey,2
plum wine,2
pig's ears,2
pepper relish,2
reese's peanut butter cup,2
ragu sauce,2
reese's pieces,2
palm sugar,2
patata,2
panang curry paste,2
rhizome,2
raisin bran cereal,2
mango tea,2
peppermint leaves,2
peach schnapps,2
coconut peanut butter,2
fondant,2
eucalyptus,2
fetta,2
dijonnaise sauce,2
herbs de provence,2
jalapeno cornbread,2
green grape,2
combier,2
cucumber dressing,2
hawaiian sweet bread,2
hibiscus syrup,2
garlic and tomato sauce,2
hibiscus tea,2
green curry paste,2
green iced tea,2
flax seeds,2
himalayan pink salt,2
coconut rum,2
himalayan salt,2
cremini mushroom,2
dry ginger,2
farfalle pasta,2
darjeeling tea,2
kelp seaweed,2
green lentils,2
heath bar,2
french vanilla ice cream,2
creamy hummus,2
graham flour,2
green chilli,2
corn husks,2
cranberry bean,2
grainy mustard,2
grassfed beef,2
eggwhite,2
ham steak,2
gram flour,2
colman's mustard,2
cucumber pickle,2
jellyfish,2
garlic puree,2
dashi stock,2
granita,2
cuttle fish,2
dry mango powder,2
kalamansi,2
fruit jam,2
kale juice,2
honey wheat bread,2
creamy balsamic dressing,2
honey yogurt,2
concord grape,2
green split pea,2
freekeh,2
green squash,2
kit kat chocolate,2
honeysuckle,2
green bell peppers,2
filo pastry,2
green chickpeas,2
fines herbes,2
dry bean,2
corn dog,2
dukkah,2
corvina,2
grass jelly,2
garlic chutney,2
cold water,2
hot cereal,2
espresso beans,2
dark chocolate chip,2
haloumi cheese,2
gluten free rolled oats,2
greek dressing,2
gajar,2
japanese pumpkin,2
cream puffs,2
creme anglaise,2
gala apple,2
cookie bars,2
crimini mushroom,2
flour dough,2
fish stock,2
coriander seeds,2
ditalini pasta,2
golden beet,2
cream soup,2
johnnie walker,2
iced espresso,2
crab sticks,2
grouper fillet,2
fanta grape,2
cream of broccoli soup,2
kaiser rolls,2
english muffins,2
fonio,2
idly,2
farmer cheese,2
crusty bread,2
cold brewed coffee,2
coffee beans,2
kashkaval cheese,2
english sea salt,2
hazelnut butter,2
guava juice,2
kentucky bourbon,2
guayusa,2
frangelico,2
dried apricots,2
creamy cheesecake,2
irish moss,2
king fish,2
irish soda bread,2
cream of tomato soup,2
cumin powder,2
kitkat chocolate,2
french horn mushrooms,2
green bell pepper,2
italian blue cheese,2
gorditas,2
diet dr pepper,2
kokum,2
curry dip,2
duck sauce,2
habanero hot sauce,2
demi glace,2
italian meringue,2
lacinato kale,2
italian tiramisu,2
cornflower,2
garbanzo bean,2
herb sauce,2
creamed corn,2
jack fruit,2
ginger liqueur,2
chow chow,2
banana chips,2
candied ginger,2
bing cherry,2
blueberry juice,2
anardana,2
cilantro pesto,2
candied walnut,2
cheese nips,2
bitter orange,2
aval,2
arrowroot flour,2
applejack,2
butter biscuit,2
bordelaise sauce,2
banana leaves,2
avocado dressing,2
almond pastry,2
candied orange,2
capellini pasta,2
apple puree,2
basil pesto sauce,2
blue curacao,2
brown rice protein powder,2
aromatic bitters,2
almond pesto,2
blueberry sauce,2
barbeque sauce,2
chorizo sauce,2
almond syrup,2
bombay sapphire,2
chicken flavored rice,2
cilantro chutney,2
chicken gizzard,2
chanterelle mushrooms,2
butter frosting,2
citrus soda,2
chicken hearts,2
chardonnay vinegar,2
arabica coffee,2
brazil nut,2
caraway seeds,2
cherry liqueur,2
chicken rice soup,2
coconut juice,2
caciocavallo,2
ceylon cinnamon,2
black currants,2
calabash,2
carbonated water,2
chocolate milkshake,2
cardamon,2
chocolate muffin,2
basil seed,2
basil mayonnaise,2
black grape,2
chocolate truffle cake,2
bearnaise sauce,2
amaro montenegro,2
black lentil,2
choux pastry,2
chile ancho,2
champignon,2
brine,2
arrabbiata sauce,2
asian noodles,2
borlotti beans,2
black pudding,2
burghul,2
banana pudding,2
cinnamon ice cream,2
chillies,2
cinnamon roll,2
cascade hops,2
butter beans,2
black sea bass,2
balsamic syrup,2
asian salad,2
apple compote,2
broad beans,2
adobo sauce,2
butter milk,2
coconut palm sugar,2
apricot brandy,2
apple pucker,2
black walnut,2
banana chili,2
banana juice,2
cherry puree,2
apple schnapps,2
coconut flour,2
beef stroganoff,2
cherry soda,2
chocolate covered pretzels,2
chicken 65,2
strawberry compote,1
yellow potato,1
wildflower honey,1
textured vegetable protein,1
tuaca,1
rose hips,1
whole wheat rolls,1
seaweed powder,1
yeast extract,1
vegan pastrami,1
shimeji mushroom,1
vegan sour cream,1
white peppers,1
vegemite,1
snack crackers,1
thai dipping sauce,1
tusk,1
satay peanut sauce,1
sandwich spread,1
vegetable chili,1
yellow curry sauce,1
ripe mango,1
yoghurt,1
vegetable cutlet,1
shiner bock beer,1
ripe mangoes,1
turbinado,1
soft pretzel,1
white sesame seeds,1
salsa con queso,1
tacos arabes,1
vegetable pasta,1
whole wheat ciabatta,1
spring roll wrappers,1
rose flower,1
roasted garlic dressing,1
wild raspberry,1
vegetable potstickers,1
rioja wine,1
rutabaga,1
yakitori chicken,1
thin mint cookies,1
yellow bell peppers,1
semi sweet chocolate,1
tea bag,1
vegetable stir fry,1
yellow wax beans,1
solerno blood orange liqueur,1
salad onions,1
thyme honey,1
veal shank,1
tiger prawns,1
white chocolate peanut butter,1
veggie broth,1
tuna rice,1
semi sweet chocolate chips,1
white peaches,1
veggie patties,1
strawberry cake,1
roasted garlic oil,1
white sugar,1
rock candy,1
turkey eggs,1
salsify,1
roasted red pepper spread,1
tile fish,1
snack mix,1
tilefish,1
turmeric powder,1
shrimp sushi,1
turtle,1
squash blossom,1
sandwich cookies,1
sushi ginger,1
twix chocolate,1
vermicelli rice noodles,1
tzatziki dip,1
serrano chile,1
tzaziki sauce,1
sushi vinegar,1
streusel topping,1
tofu bacon,1
taramasalata,1
serrano chilli,1
salad leaf,1
vietnamese hot coffee,1
seasoned bread crumbs,1
sierra mist,1
tatsoi,1
vietnamese pork sausage,1
yellow lentil curry,1
rosemary bread,1
seasoned flour,1
tofu sour cream,1
vanilla rum,1
tofu turkey,1
sugar cubes,1
vincotto,1
teff,1
sweet butter,1
young coconut,1
sweet cherry,1
spinaches,1
rock salt,1
ziti pasta,1
virgin coconut oil,1
vegan butter,1
sweet chutney,1
spam pork,1
standing rib roast,1
smoked sausage,1
single malt scotch,1
shanghai noodles,1
scalloped potatoes,1
turbinado sugar,1
sesame butter,1
swiss roll,1
sweet lassi,1
sakura shrimp,1
wahoo fish,1
t bone steak,1
tomato coulis,1
white shrimp,1
wakame seaweed,1
sparkling lemonade,1
saffron threads,1
smokie,1
walnut oil,1
sea buckthorn,1
tomato jam,1
turkey leg,1
soy marinade,1
tagliatelle pasta,1
salts,1
spearmint leaves,1
wasabi peas,1
salad cress,1
sweet osmanthus,1
whole wheat english muffin,1
sweet pastry,1
tamari almonds,1
rotini pasta,1
sea salt caramels,1
rice blend,1
whole yellow peas,1
water melon,1
wild cherry,1
skimmed milk,1
wild marjoram,1
stevia,1
spicy hot sauce,1
stevia leaf,1
wild raspberries,1
waters,1
twix ice cream bar,1
wax bean,1
wild strawberry,1
sweet potato noodle,1
strawberry vinaigrette,1
sweet potato wedges,1
winter squash,1
sesame stick,1
strawberrys,1
skyy vodka,1
valencia rice,1
sweet radish,1
tapioca pudding,1
top ramen,1
spicy nuts,1
wheat bran,1
stuffed jalapenos,1
wheat bran flakes,1
taro root,1
sago,1
snickers ice cream bar,1
wheat english muffin,1
snow pea shoots,1
torta roll,1
spinach beet,1
roasted red pepper sauce,1
yellow cupcake,1
wheat noodles,1
vanilla flan,1
stilton blue cheese,1
spinach juice,1
sweet rolls,1
vanilla marshmallow,1
wheat semolina,1
vanilla powder,1
spaghetti sauce,1
tea biscuits,1
tree nuts,1
yellow tomato,1
wheatgrass,1
vanilla salt,1
tri color pasta,1
tea leaves,1
tri color quinoa,1
salad onion,1
stolichnaya,1
sugar substitute,1
tropical punch,1
york peppermint pattie,1
sweet tamarind,1
tempura dipping sauce,1
smoked black tea,1
spinach spaghetti,1
smoked mackerel,1
sumac powder,1
sweet wine,1
yuzu juice,1
scrod fillet,1
tetilla cheese,1
trumpet mushroom,1
vegan beef,1
white chocolate chip,1
white chocolate chips,1
lime beer,1
red currant,1
raspberry dressing,1
pea eggplant,1
merguez sausage,1
pomegranate liqueur,1
mustard oil,1
oatmeal cookies,1
pink grapefruit juice,1
monterey cheese,1
red pesto,1
lamb stock,1
mint chocolate chips,1
moong,1
raclette cheese,1
lemon powder,1
lemon yogurt,1
peach jam,1
raspberry soda,1
peach juice,1
pappadam,1
peach nectar,1
lemon peel,1
ocean trout,1
modelo beer,1
lemon buttercream frosting,1
lamb shanks,1
peach yogurt,1
mint flakes,1
mafaldine,1
quince paste,1
lemon pudding,1
mint leaf,1
peanut brittle,1
rajma,1
okara,1
namak,1
pork bellies,1
raspberry lemonade,1
peanut butter chips,1
panko bread crumbs,1
morel mushrooms,1
macadamia nuts,1
peanut butter cupcake,1
lemon zests,1
old bay seasoning,1
lemonade juice,1
pork carnitas,1
pizza crust,1
marinated feta cheese,1
low fat milk,1
mexican hot sauce,1
passion fruits,1
lemon cucumber,1
monkfruit,1
pork fat,1
lamb mince,1
lemon soda,1
maca powder,1
pear brandy,1
pig's ear,1
pear puree,1
pig's legs,1
pear tomato,1
pad thai sauce,1
pear vodka,1
pike,1
pork kimchi,1
paella rice,1
pork knuckle,1
lulo,1
olive oil mayonnaise,1
palmetto,1
olive oils,1
lime soda,1
pork loin chop,1
mediterranean hummus,1
magners irish cider,1
pineapple yogurt,1
moroccan spice mix,1
raspberry puree,1
pork patty,1
raspberry vodka,1
lychees,1
pinga,1
mahi-mahi,1
papa criolla,1
onion and garlic sauce,1
nectarines,1
onion bread,1
red cherry,1
pork roast,1
pistachio oil,1
pork salami,1
nicoise dressing,1
onion focaccia,1
red lentils,1
pork shank,1
low fat mayonnaise,1
maida,1
miyagi oyster,1
lamb ribs,1
nonpareils,1
pork steak,1
plain pancake,1
lays chips,1
mojo sauce,1
onion oil,1
margarita cocktail,1
porkchop,1
lamb head,1
mozzarella cheese sticks,1
oat bran,1
onion puree,1
mesquite powder,1
lemon glaze,1
mushroom curry,1
peppadew peppers,1
pig stomach,1
lemon tahini dressing,1
mint cookies,1
maitake mushroom,1
matzo balls,1
lingzhi mushroom,1
pad thai noodles,1
milk bread,1
queso frito,1
m&m's chocolate,1
pig's liver,1
light brown sugar,1
lamb rib,1
makhan,1
raclette,1
orange candy,1
pig's tongue,1
orange concentrate,1
piloncillo,1
mulberries,1
rainbow sherbet,1
pepperoni calzone,1
mct oil,1
orange ice,1
maca root,1
light italian dressing,1
lime pickle,1
potato samosa,1
mint syrup,1
orange jam,1
meatless burger,1
perilla leaf,1
mediterranean dressing,1
lemon icing,1
pancake mix,1
manicotti pasta,1
pineapple rum,1
poussin,1
lime wedge,1
mulled wine,1
raspberry filling,1
peruvian pink salt,1
panela,1
orange oil,1
raspberry preserves,1
milk cream,1
pineau,1
lemon vinegar,1
nature valley granola bars,1
pete,1
raspberry yogurt,1
orange peppers,1
raw jackfruit,1
orange puree,1
navel orange,1
milo,1
red apples,1
picante sauce,1
pink salmon,1
light ranch dressing,1
loin pork,1
makrut lime,1
lobster stock,1
pickle juice,1
negi,1
light rum,1
parcha,1
orange tea,1
mixed berry jam,1
orange tomato,1
pistachio powder,1
orange tomatoes,1
maraschino cherry,1
orange wine,1
red grapes,1
malai kulfi,1
nigella seeds,1
maple glaze,1
red lettuce,1
maple icing,1
pita pocket,1
pickled herring,1
lavendar,1
oregano oil,1
red pepper puree,1
oreo brownie,1
linden flowers,1
murg tikka,1
red potato,1
pumpkin ale,1
plain greek yogurt,1
pumpkin ales,1
red raspberry,1
pumpkin cheesecake,1
plain waffle,1
pumpkin gnocchi,1
mojama,1
lard,1
nougatine,1
organic butter,1
lingonberries,1
osmanthus flowers,1
passionfruit juice,1
ostrich,1
redfish,1
pumpkins,1
mandarins,1
murgh tikka,1
lemon pickle,1
purple corn,1
reindeer,1
ox bone,1
montasio cheese,1
purple potatoes,1
polenta cake,1
matsutake mushrooms,1
matzah,1
jalapeno puree,1
haddock,1
grinder,1
hatch chile,1
lamb breast,1
doritos nacho cheese,1
garlic soy sauce,1
four cheese ravioli,1
kanpyo,1
cranberry compote,1
korean hot pepper,1
english cheddar cheese,1
italian white wine,1
hawaiian sweet rolls,1
cranberry vinaigrette,1
cuban bread,1
jerusalem artichoke,1
fregola sarda,1
ghost pepper,1
dark cherry,1
dinner roll,1
cuban roll,1
crumble topping,1
golden berries,1
kuzu,1
golden berry,1
italian soda,1
golden orange,1
fish broth,1
golden raisin,1
japanese cucumber,1
heineken beer,1
garlic soup,1
coffee bean,1
egg roll wrapper,1
golden syrup,1
jose cuervo,1
hemp powder,1
ground turmeric,1
french fried potatoes,1
coffee liqueur,1
gooseberries,1
cold coffee,1
drambuie,1
crumb crust,1
dried anchovies,1
kirsch,1
cooking chocolate,1
elderberry extract,1
french lentil,1
krachai,1
french onion dip,1
hard red winter wheat,1
escolar,1
italian plum tomatoes,1
herb goat cheese,1
egg bread,1
french roll,1
crab melt,1
espelette pepper,1
corn bran,1
creme de cacao,1
green pesto,1
herbes de provence,1
japanese eggplants,1
espresso bean,1
japanese seaweed,1
cucumber juice,1
jasmine blossoms,1
hershey kisses,1
gazpacho soup,1
hershey's kisses,1
general tso sauce,1
espresso martini,1
genever,1
hibiscus flower,1
cornbread stuffing,1
freshwater eel,1
ground coriander,1
friarielli,1
kala namak,1
creme de violette,1
guacamole dip,1
dark chocolate truffles,1
kamut,1
dark cocoa,1
guava puree,1
extra-virgin olive oil,1
ginger cookies,1
hing,1
kettle potato chips,1
dry gin,1
florida orange,1
grano arso,1
king oyster mushrooms,1
cream biscuits,1
ginger soy sauce,1
dry lemon,1
ginkgo,1
cod fish fillet,1
creamy mushroom soup,1
culantro,1
korean rice cake,1
honey glazed ham,1
elderflower syrup,1
farmer's cheese,1
hard candy,1
fruit cocktail,1
cream of mushroom soup,1
coffee creamer,1
coconut syrup,1
fat free cream cheese,1
italian rice,1
fat free milk,1
green lettuce,1
coriander chutney,1
cod liver oil,1
coriander powder,1
firm tofu,1
date honey,1
jaggery,1
grapefruit soda,1
fish fingers,1
grapefruits,1
fish paste,1
cream sherry,1
green peppercorns,1
crab apples,1
cream dip,1
fudge frosting,1
garlic rice,1
fudge sauce,1
japanese pepper,1
duck eggs,1
cooked rice,1
graviola,1
garlic sesame oil,1
fuji apple juice,1
jasmine blossom,1
hot and spicy salsa,1
green tea leaves,1
hot black coffee,1
egg pickle,1
greek olive tapenade,1
craw fish,1
deep fried pickles,1
jerk seasoning,1
greek salad dressing,1
jersey tomato,1
greek vinaigrette,1
grill seasoning,1
fusilli pasta,1
cote de boeuf,1
hot soba,1
jujube,1
hot tamales,1
egg wash,1
fenugreek leaf,1
kaffir lime leaf,1
house seasoning,1
ground nuts,1
hyssop,1
german chocolate cake,1
cricket,1
dill pickle chips,1
deer,1
dill pickle spears,1
gammon,1
guajillo chile,1
ferrero rocher,1
kalonji,1
cupuacu,1
egg yolks,1
dulce de leche ice cream,1
custard powder,1
deli roll,1
kava,1
fettuccini pasta,1
ginger cake,1
idiazabal cheese,1
kenyan black tea,1
coffee ice cream,1
gummy bears,1
green capsicum,1
flaxseed oil,1
imitation crab meat,1
khubani,1
imli,1
kimchi tofu,1
indian flat bread,1
hakka noodle,1
indian flatbread,1
king prawn,1
cranberry lemonade,1
florida orange juice,1
dessert wine,1
corona beer,1
garlic breadsticks,1
gingers,1
cream cheese sauce,1
crumpet,1
irish cider,1
gluten free chocolate chip cookie,1
filbert,1
konjac,1
green chilly,1
korean kimchi,1
coconut vinegar,1
gluten free granola,1
edam,1
hamburger buns,1
green garlic,1
gluten free toast,1
garlic dip,1
lachha paratha,1
edam cheese,1
ladyfinger,1
crispbread,1
gluten free tortilla,1
italian chicken sausage,1
crab leg,1
filter coffee,1
empanada dough,1
italian meatballs,1
cream cheese spread,1
chocolate biscotti,1
baobab fruit,1
broccoli pasta,1
barbecue pork,1
classic tomato sauce,1
cheese nachos,1
baked potato chips,1
beef bone,1
cereal bar,1
cheese puffs,1
cipollini onions,1
cheese pumpkin,1
coconut bacon,1
berbere spice,1
alkaline water,1
avocadoes,1
cayenne peppers,1
american kobe beef,1
blueberry muffins,1
brown flax seed,1
calf liver,1
bergamot essential oil,1
butterfinger,1
cheesy garlic bread,1
citrus zest,1
american whiskey,1
cock,1
amontillado sherry,1
belgium chocolate,1
bread stuffing,1
chocolate candy,1
apricot preserve,1
bunga kantan,1
cherry jam,1
baked spinach ravioli,1
cherry juice,1
chocolate leaves,1
almond milk yogurt,1
blueberry filling,1
betel leaves,1
calabrian chiles,1
brown jasmine rice,1
chai spice,1
cherry pie,1
alligator,1
butter bean,1
buffalo wing sauce,1
beef bulgogi,1
boston butt,1
brown lentil,1
citrus salt,1
brown lentils,1
clam juice,1
chervil,1
bran flakes,1
cantonese sauce,1
cocoa chocolate,1
chestnut honey,1
coconut cream,1
birch,1
baharat,1
bird's nest,1
blackberry juice,1
chewing gum,1
chocolate cheesecake,1
cape gooseberries,1
baked pita chips,1
butterscotch pudding,1
chocolate covered almonds,1
butterscotch sauce,1
chocolate drops,1
bitter squash,1
cayenne pepper sauce,1
beef burgers,1
cayenne powder,1
beef cheek,1
atlantic halibut,1
ancho chiles,1
beef strips,1
ancho pepper,1
calabrian chile,1
beef cheeks,1
blueberry pie,1
chicken and rice soup,1
blueberry yogurt,1
banana flour,1
chaat masala,1
chicken apple sausage,1
choy sum,1
black bean and corn salsa,1
banana leaf,1
butterscotch schnapps,1
brinjal,1
cappuccino hazelnut spread,1
beefeater london dry gin,1
black bean salsa,1
arrack,1
baby fennel,1
cinnamon spice,1
chicken consomme,1
canadian club,1
chicken corn chowder,1
balsamic onions,1
beef chorizo,1
citrus thyme,1
caramel fudge,1
clam broth,1
black berry,1
avocado oil,1
apricot preserves,1
cloudberry,1
chicken feet,1
chards,1
beef cutlets,1
basil syrup,1
caramel syrup,1
chat potato,1
caramel topping,1
avocado sauce,1
chicken giblets,1
cheddar sauce,1
burdock root,1
cheese chips,1
chicken gizzards,1
basil garlic butter,1
breaded chicken strips,1
anisette,1
aquafaba,1
bud light lime-a-rita,1
baby potato,1
asparagus lettuce,1
cabbages,1
cauliflowers,1
basa fish,1
chocolate chip cookie sandwich,1
chicken livers,1
blood orange liqueur,1
almond flour,1
chocolate cookies,1
black cherry soda,1
astragalus,1
chicken nugget,1
baked potato wedges,1
baby rocket,1
chocolate essence,1
chicken patty,1
banana yogurt,1
beef feet,1
baked tortilla chips,1
cacao beans,1
chocolate hazelnut mousse,1
andean potatoes,1
chocolate icing,1
black currant syrup,1
chocolate liqueur,1
burger bun,1
all purpose flour,1
carob,1
chocolate morsels,1
cachaca,1
celery hearts,1
butter biscuits,1
chocolate pound cake,1
chicken tenderloin,1
chocolate roll,1
brussel sprout,1
chocolate sponge cake,1
banana peppers,1
chocolate stick,1
banana plantain,1
buri,1
almond cookies,1
brocoli,1
angus beef tenderloin,1
calamari rings,1
bacons,1
bluefish,1
black olive tapenade,1
chai spice blend,1
chickpea flatbread,1
apple brandy,1
badam,1
chunky tomato sauce,1
chickpea hummus,1
apple butter,1
almond biscuit,1
a1 steak sauce,1
basil cream sauce,1
chamomile petals,1
black peppers,1
bay scallop,1
brigadeiro,1
champagnes,1
chile con queso,1
cinnamon graham cracker crumbs,1
bay laurel,1
campari tomato,1
chile dressing,1
cinnamon rolls,1
chile powder,1
cinnamon sticks,1
burger patties,1
chanterelle mushroom,1
chili chocolate,1
cipollini onion,1
cashew fruit,1
citric acid,1
black radish,1
citrus juice,1
chili lime dressing,1
burnt sugar,1
black raspberries,1
brown basmati rice,1
black raspberry,1
bourbon vanilla extract,1
asian sauce,1
basil seeds,1
chilli oil,1
clam meat,1
chilli powder,1
candied orange peel,1
asian sesame dressing,1
clotted cream,1
cashew parmesan,1
buttermilk ranch dressing,1
black rum,1
club crackers,1
armagnac,1
apple pie filling,1
chinese long beans,1
beer nuts,1
aloe vera juice,1
bread and butter pickles,1
butter leaves,1
bread butter,1
bagel croutons,1
absolut vodka,1
catnip,1
candy cane,1
bucatini pasta,1
achiote oil,1
chipotle peppers in adobo sauce,1
coconut extract,1
beef sausages,1
belgian kriek,1
bucco,1
bengal gram,1
beef shank,1
chipped beef,1
besan,1
cherry compote,1
brown beech mushrooms,1
